Source,Target
0,260
0,509
0,370
2,58
2,925
4,567
4,22
4,1001
4,498
4,1128
4,225
4,732
4,868
4,274
4,295
4,867
4,804
4,820
4,939
4,327
4,242
4,280
4,406
4,1050
4,883
4,594
4,69
4,1035
4,143
4,18
4,1065
4,635
4,918
4,590
4,765
4,526
4,969
4,1130
4,78
4,1046
4,349
4,281
4,497
4,1138
4,338
4,380
4,307
4,984
4,1005
4,479
4,813
4,240
4,1089
4,1090
4,546
4,731
4,458
4,1106
4,56
4,47
4,385
4,373
4,1122
4,735
4,432
4,104
4,795
4,684
5,22
5,308
5,141
5,316
5,480
6,136
7,907
7,864
7,233
7,654
7,377
7,1121
7,862
7,1150
7,684
7,162
7,1138
7,406
8,316
10,68
10,711
10,996
10,11
10,814
10,564
10,688
10,474
11,757
11,66
11,814
11,598
11,994
11,925
11,406
11,610
11,370
11,1042
11,820
11,1057
11,709
11,1133
11,260
11,738
11,792
11,537
11,385
11,1062
11,10
15,841
15,174
15,1127
15,950
17,655
17,274
17,539
17,625
17,1113
17,1005
17,260
17,380
17,590
17,406
17,497
17,792
17,113
17,654
17,952
17,709
20,649
20,1050
20,939
21,78
21,23
22,1089
22,5
22,114
22,66
22,1119
22,150
22,410
22,1075
22,295
22,661
22,480
22,735
22,141
23,21
23,660
23,370
23,411
24,900
24,869
24,1023
24,36
24,295
24,814
24,619
24,131
24,177
24,576
24,767
24,214
24,120
24,58
24,639
24,858
24,150
24,52
24,299
24,841
24,380
24,984
24,950
24,553
24,875
24,835
24,47
24,1085
24,341
26,776
26,722
26,873
26,897
26,125
26,1080
0,260
0,509
0,370
29,125
29,191
29,295
29,919
29,699
29,341
29,908
29,1113
29,800
29,871
31,1097
32,813
32,623
34,764
34,263
34,439
35,567
35,22
35,757
35,1114
35,274
35,814
35,395
35,353
35,904
35,176
35,275
35,406
35,119
35,229
35,799
35,509
35,731
35,590
35,1141
35,802
35,928
35,260
35,110
35,1062
35,342
35,496
35,1005
35,480
35,892
35,625
35,1106
35,867
35,47
35,385
35,908
35,1137
36,767
36,341
36,875
36,295
36,814
36,777
36,984
36,335
36,667
37,950
37,214
37,739
37,365
37,106
37,896
37,858
37,635
37,380
37,1023
37,97
40,687
40,80
40,379
41,927
41,1128
41,543
41,450
41,619
41,370
41,925
41,904
41,887
41,457
41,136
41,752
41,171
41,1141
41,597
41,583
41,312
41,316
41,260
41,372
41,785
41,795
41,986
41,688
41,588
42,1089
42,1013
42,1084
42,193
42,54
42,314
42,385
42,541
42,639
42,59
42,125
42,519
43,583
43,1059
43,636
43,450
43,47
43,777
43,638
44,517
44,1054
44,580
44,707
44,1018
44,256
44,47
44,934
45,370
46,379
46,836
46,709
46,370
46,231
47,601
48,47
48,1041
52,801
52,160
52,579
52,122
52,191
52,197
52,333
52,635
52,856
52,620
52,619
52,1085
52,260
52,1023
52,292
52,500
52,858
52,173
54,286
54,1089
54,163
54,498
54,731
54,1053
54,1106
54,56
54,566
54,58
54,373
54,684
54,432
54,104
54,314
54,820
54,55
54,519
54,892
54,42
55,731
55,238
55,58
55,803
55,54
56,566
56,195
56,498
56,54
56,150
56,370
56,238
56,939
56,4
56,803
56,1053
56,372
56,373
56,1005
56,340
56,459
56,798
56,1152
56,406
57,338
59,649
59,370
59,541
59,131
59,1034
59,42
60,897
61,336
63,579
64,349
64,406
64,56
64,823
65,900
65,662
65,370
65,632
65,841
65,92
65,112
66,567
66,757
66,855
66,610
66,782
66,1099
66,1005
66,11
66,338
66,219
66,867
66,1001
66,609
66,576
66,280
66,406
66,158
66,941
66,264
66,839
66,906
66,489
66,994
66,120
66,635
66,918
66,969
66,383
66,660
66,928
66,709
66,69
66,161
66,170
66,316
66,260
66,324
66,92
66,342
66,781
66,931
66,274
66,209
66,1017
66,735
66,472
66,836
66,833
66,892
66,738
66,859
66,1013
66,625
66,875
66,835
66,47
66,385
66,373
66,341
66,473
66,652
66,1062
66,954
67,567
67,502
67,816
67,1130
67,1113
67,221
67,274
67,110
67,150
67,1005
67,91
67,652
67,728
67,970
67,399
67,406
67,785
68,308
68,309
68,67
69,1089
69,264
69,1130
69,66
69,625
69,782
69,143
69,204
69,170
69,1053
69,260
69,635
69,1005
69,813
69,954
69,534
70,377
70,543
70,125
70,395
70,797
70,1041
70,190
70,206
70,370
70,136
70,971
70,635
70,847
70,698
70,526
70,649
70,78
70,636
70,361
70,785
70,638
70,316
70,799
70,885
70,735
70,654
70,721
70,385
70,533
72,1071
72,78
74,958
75,70
76,782
76,836
76,984
76,982
79,721
79,564
79,892
82,532
83,294
83,1118
83,384
83,827
83,654
84,1138
84,711
84,495
84,171
84,1141
17,655
17,274
17,539
17,625
17,1113
17,1005
17,260
17,380
17,590
17,406
17,497
17,792
17,113
17,654
17,952
17,709
65,900
65,662
65,370
65,632
65,841
65,92
65,112
87,125
87,596
87,942
87,664
87,693
88,246
88,170
90,984
90,867
90,820
90,176
90,270
90,863
90,580
90,366
90,136
90,635
90,168
90,1023
90,1005
90,442
90,1017
90,628
90,1013
90,1106
90,389
90,954
91,660
91,293
91,1130
91,67
91,193
91,274
91,795
91,1113
91,1005
92,120
93,92
93,878
95,370
95,38
95,813
95,1124
96,150
96,288
96,798
96,699
96,98
97,122
97,950
97,106
97,214
97,662
97,365
97,37
97,370
97,858
97,416
97,1023
97,576
97,553
97,1045
98,785
98,264
98,164
98,150
98,566
98,370
98,136
98,190
98,635
98,972
98,343
98,96
98,318
99,106
99,15
99,147
99,919
99,843
99,767
99,214
99,37
99,979
99,118
99,858
99,365
99,238
99,661
99,380
99,1023
99,950
99,97
100,757
100,739
100,458
100,835
100,120
100,372
100,731
100,342
100,370
100,735
100,553
102,1017
102,560
106,122
106,950
106,214
106,858
106,365
106,37
106,97
106,358
106,386
106,1023
107,514
107,237
107,430
107,976
107,317
107,1136
107,813
110,567
110,732
110,1095
110,293
110,550
110,395
110,353
110,1001
110,67
110,136
110,406
110,863
110,35
110,643
110,1130
110,1113
110,642
110,281
110,688
110,1138
110,877
110,342
110,795
110,1005
110,867
110,619
110,380
110,274
110,684
112,65
112,78
112,370
112,1098
113,742
113,578
113,125
113,777
113,142
113,955
116,115
116,520
116,80
116,973
116,610
116,222
116,416
116,142
116,1049
116,667
116,1063
116,558
117,163
117,619
117,316
117,1127
117,472
117,867
117,256
117,341
118,370
118,99
118,1088
118,950
118,553
118,409
118,325
119,757
119,660
119,80
119,214
119,265
119,896
119,383
119,291
119,431
120,900
120,24
120,357
120,1013
120,791
120,835
120,566
120,718
120,1127
120,984
120,836
120,628
120,1090
122,47
122,78
122,106
122,97
122,1121
122,436
122,1085
123,818
123,125
123,560
123,316
123,856
123,646
123,619
123,553
123,603
123,561
124,844
124,1027
124,588
125,554
125,264
125,1013
125,265
125,1099
125,647
125,335
125,800
125,29
125,42
126,583
127,308
127,654
127,1121
128,158
128,619
129,884
129,619
129,1064
129,497
129,295
129,192
129,385
129,373
129,939
129,240
129,1041
129,947
129,366
131,396
131,36
131,193
131,104
131,875
131,238
131,814
131,59
131,984
131,1136
131,493
131,409
132,324
133,11
134,123
134,1086
135,225
135,1120
135,1125
135,242
135,316
135,847
135,798
135,1137
135,240
135,892
137,583
137,816
137,472
137,892
137,480
137,447
137,231
138,922
138,707
138,316
138,44
138,256
141,22
141,5
141,498
141,1125
141,1015
141,643
141,816
141,480
141,353
141,635
141,867
141,125
142,116
142,610
142,73
142,416
142,627
142,669
142,1094
142,565
142,975
142,47
142,264
142,542
142,560
142,635
142,259
142,1063
142,818
142,1059
142,636
142,80
142,260
142,1017
142,667
142,115
142,742
142,721
142,113
142,561
143,69
143,1106
143,370
143,4
143,1009
143,1065
143,892
144,477
144,958
144,1013
144,15
144,202
144,896
144,489
144,203
144,984
144,800
145,406
146,790
146,603
146,316
147,837
147,1133
147,330
147,316
147,984
149,491
149,222
149,409
149,1028
149,843
149,667
150,655
150,751
150,135
150,814
150,867
150,1022
150,67
150,843
150,96
150,280
150,24
150,994
150,136
150,699
150,396
150,1143
150,566
150,983
150,785
150,1060
150,1023
150,274
150,366
150,654
150,318
150,1089
150,353
150,625
150,984
150,798
150,954
150,567
150,1050
150,90
150,176
150,975
150,410
150,1005
150,502
150,193
150,1095
150,908
150,588
150,22
150,498
150,1100
150,980
150,550
150,295
150,619
150,925
150,242
150,982
150,1091
150,731
150,972
150,118
150,172
150,661
150,260
150,877
150,539
150,98
150,465
150,892
150,286
150,1090
150,400
150,1013
150,47
150,1122
150,431
150,900
150,593
150,919
150,669
150,56
150,664
150,406
150,579
150,489
150,635
150,639
150,497
150,493
150,305
150,399
150,1130
150,1113
150,316
150,342
150,546
150,738
150,288
150,1127
150,104
150,1062
151,705
151,419
151,670
66,567
66,757
66,855
66,610
66,782
66,1099
66,1005
66,11
66,338
66,219
66,867
66,1001
66,609
66,576
66,280
66,406
66,158
66,941
66,264
66,839
66,906
66,489
66,994
66,120
66,635
66,918
66,969
66,383
66,660
66,928
66,709
66,69
66,161
66,170
66,316
66,260
66,324
66,92
66,342
66,781
66,931
66,274
66,209
66,1017
66,735
66,472
66,836
66,833
66,892
66,738
66,859
66,1013
66,625
66,875
66,835
66,47
66,385
66,373
66,341
66,473
66,652
66,1062
66,954
155,125
155,996
155,994
155,395
155,635
155,168
155,738
155,551
155,797
155,892
155,564
156,446
156,78
156,357
156,625
156,125
156,411
156,628
156,385
156,860
156,1005
156,274
156,792
156,447
156,467
158,520
158,66
158,788
158,925
158,843
158,800
158,837
158,538
158,191
158,663
158,136
158,213
158,263
158,564
158,78
158,161
158,812
158,156
158,128
158,553
158,742
158,1045
158,227
159,201
160,721
160,125
160,996
160,1062
160,509
161,66
161,689
161,932
161,800
161,538
161,855
161,158
161,191
161,663
161,136
161,1080
161,564
161,78
161,832
161,612
161,442
161,337
161,1045
161,222
161,835
161,412
161,1085
162,143
163,751
163,647
163,867
163,689
163,557
163,855
163,876
163,54
163,366
163,1088
163,683
163,635
163,639
163,698
163,299
163,498
163,947
163,1106
163,835
163,59
163,432
163,1062
163,909
163,117
165,213
165,327
166,158
166,227
166,316
166,566
166,385
166,870
166,777
166,295
166,813
166,603
168,797
168,1088
168,295
168,110
168,619
168,373
168,925
168,667
168,399
169,619
169,260
170,1090
170,751
170,69
170,143
170,90
170,639
170,1005
170,952
170,78
171,927
171,920
171,1121
171,370
171,925
171,904
171,848
171,887
171,760
171,457
171,136
171,635
171,777
171,1141
171,597
171,114
171,41
171,688
171,636
171,496
171,63
171,711
171,652
172,1094
172,669
172,150
172,1059
172,136
172,865
172,635
172,638
172,925
172,688
172,904
172,813
172,627
172,975
173,907
173,160
173,856
173,436
173,619
173,122
173,333
173,620
173,509
173,635
173,777
173,500
173,263
173,894
173,357
173,52
173,260
173,984
173,612
173,286
173,801
173,1038
173,1085
173,292
174,99
176,567
176,900
176,293
176,1051
176,484
176,565
176,264
176,370
176,767
176,566
176,785
176,1060
176,833
176,318
176,625
176,407
176,923
176,798
176,954
176,637
177,423
177,1083
177,24
177,125
177,193
177,1004
177,295
177,1062
177,479
181,215
181,509
181,619
181,421
181,209
181,696
181,667
182,342
183,75
183,869
183,295
183,498
183,1106
184,265
184,342
184,358
184,365
186,550
186,338
186,664
186,1065
186,969
186,594
186,367
186,406
186,639
186,783
186,1126
186,316
186,795
186,469
186,1089
186,344
186,385
186,373
186,1122
186,1062
186,705
186,595
187,534
187,274
187,869
187,909
187,814
189,476
189,347
189,738
189,1143
190,649
190,78
190,70
190,136
190,635
190,885
190,667
191,158
191,767
191,538
191,222
191,161
191,919
191,870
191,213
191,984
191,265
191,843
191,1017
191,800
192,1089
192,884
192,400
192,1041
192,1075
192,591
192,814
192,373
192,652
192,129
192,667
193,372
193,883
193,869
193,78
193,882
193,1053
193,299
193,370
193,356
193,253
193,908
193,131
193,612
193,59
193,42
193,541
195,47
195,649
195,711
196,567
196,1050
196,732
196,771
196,1005
196,295
196,353
196,1001
196,1065
196,406
196,876
196,370
196,135
196,69
196,1113
196,316
196,324
196,512
196,684
196,799
196,813
196,240
196,892
196,1090
196,625
196,373
196,1122
197,215
197,978
197,52
197,711
197,957
197,656
197,611
197,270
197,984
197,493
197,468
200,47
200,907
200,1080
200,896
200,1023
201,752
201,1057
201,147
201,984
201,1013
202,635
202,869
202,766
204,115
205,347
205,4
205,196
205,799
206,927
206,295
206,450
206,904
206,664
206,385
206,1064
206,457
206,78
206,70
206,1059
206,795
206,785
206,127
206,986
206,813
206,947
206,654
206,1047
206,508
206,711
206,47
206,865
206,253
206,1041
207,377
207,635
207,551
207,738
156,446
156,78
156,357
156,625
156,125
156,411
156,628
156,385
156,860
156,1005
156,274
156,792
156,447
156,467
209,446
209,1013
209,835
209,718
209,380
209,416
209,984
212,892
213,158
213,919
213,922
213,165
213,222
213,191
213,194
213,47
213,1080
213,92
213,800
214,900
214,37
214,1023
214,662
214,97
214,416
214,814
214,994
214,932
214,576
214,24
214,106
214,457
214,858
214,365
214,896
214,657
214,781
214,372
214,380
214,539
214,950
214,553
214,337
214,286
214,1045
214,875
215,222
215,816
215,781
215,751
215,610
215,270
215,458
215,240
215,197
215,957
215,656
215,472
215,619
215,994
215,181
215,696
215,814
215,735
215,447
215,534
217,554
217,78
217,370
217,1005
219,119
219,520
219,709
219,757
219,790
219,635
219,383
219,337
221,362
221,569
221,784
221,566
221,635
221,1060
221,274
221,654
222,116
222,125
222,1076
222,1114
222,295
222,366
222,395
222,843
222,870
222,149
222,932
222,176
222,800
222,158
222,191
222,979
222,489
222,1088
222,993
222,488
222,736
222,213
222,215
222,69
222,161
222,791
222,781
222,316
222,916
222,984
222,274
222,813
222,553
222,337
222,892
222,115
222,1125
222,711
222,835
222,385
222,253
222,688
223,370
225,1090
225,867
225,135
225,281
225,4
225,1001
225,338
225,385
225,1122
225,316
225,813
226,1094
227,158
227,410
227,316
227,166
227,566
227,370
227,652
229,22
229,709
229,458
229,1099
229,35
229,385
229,379
229,738
229,431
229,908
229,327
229,892
231,859
231,137
231,583
231,709
231,771
231,161
231,784
231,480
231,182
231,590
231,46
231,826
231,388
231,558
232,125
233,802
233,512
233,947
234,325
237,907
237,160
237,125
237,107
237,316
237,385
237,705
237,1071
238,869
238,731
238,36
238,875
238,566
238,56
238,337
238,372
238,58
238,370
238,55
238,909
238,406
240,751
240,1128
240,125
240,1005
240,1075
240,295
240,366
240,584
240,587
240,939
240,1057
240,280
240,129
240,197
240,978
240,994
240,135
240,497
240,884
240,583
240,795
240,380
240,684
240,782
240,274
240,735
240,947
240,193
240,957
240,215
240,47
240,373
240,984
240,652
241,925
242,512
242,1045
242,135
242,1005
242,1106
242,1088
242,150
242,635
242,564
242,798
242,800
242,280
243,805
243,914
243,147
243,316
244,649
246,517
246,84
246,892
246,968
246,172
246,312
246,688
246,784
246,1091
246,627
246,125
246,635
246,564
246,1005
246,904
246,406
252,927
252,722
252,125
252,316
252,925
252,409
252,1141
253,646
253,385
253,222
253,197
253,370
253,372
253,270
253,564
253,1088
253,468
253,1002
255,254
255,487
262,193
262,635
262,260
265,264
266,635
266,639
270,785
270,656
270,78
270,545
270,370
270,197
270,987
270,260
270,424
270,372
270,619
270,253
270,1002
270,1005
270,209
270,468
270,488
274,1125
274,1130
274,774
274,1113
274,221
274,67
274,1053
274,372
274,150
274,373
274,307
274,539
274,1005
274,406
275,78
275,1033
277,1045
277,185
277,412
277,434
277,590
277,337
277,689
280,932
280,835
280,1023
281,567
281,22
281,1090
281,225
281,338
281,1001
281,4
281,110
281,385
281,1122
281,867
281,684
281,1005
281,813
281,136
284,1094
284,362
284,569
284,617
284,388
284,816
284,295
284,78
284,441
284,975
284,136
284,603
284,1141
284,498
286,1023
286,147
286,814
286,919
286,576
286,173
286,325
286,122
286,214
286,106
286,489
286,994
286,327
286,493
286,913
286,118
286,263
286,204
286,150
286,52
286,316
286,791
286,841
286,984
287,385
287,926
287,996
287,39
287,1088
288,343
291,119
291,660
291,455
291,66
291,610
291,816
291,1001
291,781
291,984
291,473
291,836
291,709
292,801
292,52
292,260
292,619
292,1085
292,856
292,173
293,583
293,498
293,619
293,135
293,526
293,816
293,164
293,925
293,1005
293,1130
293,813
293,17
293,861
294,83
294,840
294,1118
294,471
294,827
294,619
295,567
295,816
295,1050
295,1128
295,296
295,732
295,261
295,274
295,4
295,1121
295,1082
295,358
295,370
295,129
295,871
295,1065
295,406
295,498
295,512
295,427
295,260
295,823
295,1035
295,1064
295,367
295,1107
295,192
295,509
295,782
295,777
295,892
295,639
295,808
295,1040
295,526
295,269
295,340
295,884
295,980
295,1057
295,605
295,70
295,641
295,864
295,962
295,196
295,316
295,583
295,164
295,127
295,380
295,684
295,135
295,612
295,209
295,479
295,813
295,947
295,628
295,1090
295,731
295,1106
295,385
295,373
295,713
295,467
295,432
295,798
295,206
295,861
295,183
295,534
296,163
296,751
296,861
296,1106
296,498
296,867
296,341
296,947
296,1121
296,984
296,1041
296,954
296,447
299,163
299,319
299,635
299,78
299,661
299,639
299,366
299,814
299,683
299,841
299,1085
299,341
299,984
299,950
299,647
299,24
302,1089
302,502
302,406
302,316
302,284
302,785
302,1142
302,931
302,259
302,954
302,892
302,399
305,264
305,261
305,260
305,785
305,370
305,176
229,22
229,709
229,458
229,1099
229,35
229,385
229,379
229,738
229,431
229,908
229,327
229,892
307,567
307,751
307,274
307,4
307,867
307,406
307,863
307,370
307,890
307,783
307,1033
307,196
307,438
307,1138
307,338
307,380
307,684
307,539
307,1005
307,479
307,778
307,1089
307,446
307,385
308,896
309,308
309,509
309,68
309,67
309,551
310,1047
310,1126
310,457
310,711
310,795
310,904
310,813
312,927
312,450
312,731
312,457
312,246
312,996
312,370
312,136
312,635
312,1141
312,597
312,41
312,636
312,316
312,638
312,1017
312,48
312,518
312,688
313,1125
314,1089
314,54
314,882
314,549
314,619
314,1011
314,519
314,42
316,660
316,928
316,80
316,709
316,625
316,1091
316,547
316,1001
316,1052
316,598
316,689
316,925
316,799
316,836
317,107
317,711
317,430
317,1136
317,813
318,583
318,1100
318,288
318,136
318,47
318,635
318,98
318,176
318,954
319,647
319,238
319,299
319,366
319,380
319,131
319,639
319,852
319,447
320,231
322,374
322,936
323,619
323,635
323,767
324,150
324,347
324,780
324,709
324,739
325,286
325,700
325,1013
325,125
325,265
325,234
325,337
325,793
325,493
325,341
325,316
325,950
325,442
325,366
325,335
325,409
325,118
327,66
327,757
327,660
327,763
327,859
327,69
327,535
327,709
327,689
327,286
327,429
327,11
327,342
327,590
327,1005
327,229
327,379
327,817
330,767
330,855
330,147
330,689
330,1041
330,837
330,379
332,535
332,316
332,260
332,619
332,509
332,817
333,134
333,801
333,950
333,37
333,214
333,858
333,365
333,52
333,97
333,635
333,856
333,619
333,1085
333,1023
333,106
333,500
333,173
316,660
316,928
316,80
316,709
316,625
316,1091
316,547
316,1001
316,1052
316,598
316,689
316,925
316,799
316,836
335,767
335,78
335,36
335,316
335,138
335,341
335,984
335,925
335,800
335,1023
335,628
337,900
337,520
337,907
337,36
337,219
337,919
337,867
337,484
337,663
337,932
337,940
337,214
337,979
337,994
337,862
337,635
337,383
337,736
337,538
337,832
337,161
337,260
337,738
337,442
337,553
337,222
337,458
337,835
337,182
337,908
337,689
338,22
338,1001
338,738
338,610
338,757
338,771
338,1005
338,1075
338,4
338,1121
338,867
338,804
338,307
338,280
338,406
338,498
338,66
338,876
338,883
338,186
338,410
338,820
338,744
338,635
338,847
338,564
338,639
338,497
338,1042
338,196
338,802
338,225
338,1057
338,709
338,1113
338,882
338,281
338,316
338,795
338,1050
338,785
338,684
338,931
338,274
338,813
338,240
338,488
338,57
338,1090
338,446
338,892
338,1052
338,458
338,1106
338,385
338,373
338,1122
338,652
338,1062
338,926
338,654
340,594
340,605
340,125
340,864
340,295
340,166
340,1069
341,36
341,619
341,843
341,800
341,325
341,767
341,24
341,29
341,335
341,858
341,138
341,299
341,795
341,841
341,92
341,984
341,950
341,836
341,1139
341,711
341,835
341,409
341,1085
341,727
342,567
342,757
342,868
342,370
342,642
342,814
342,358
342,1127
342,280
342,455
342,100
342,265
342,906
342,106
342,489
342,35
342,731
342,1113
342,847
342,693
342,497
342,184
342,676
342,150
342,365
342,896
342,110
342,92
342,1005
342,735
342,553
342,892
342,286
342,372
342,502
342,859
342,867
342,458
342,625
342,835
342,385
342,373
342,652
342,431
343,190
343,288
343,98
343,785
343,972
344,160
344,195
344,1126
344,961
344,367
344,316
344,795
344,370
344,186
344,664
347,513
347,900
347,1057
347,751
347,1033
347,1075
347,260
347,205
347,877
347,918
347,799
347,705
347,189
347,720
347,2
347,280
347,78
348,1099
349,135
349,4
349,1150
349,804
349,406
349,863
349,7
349,370
349,822
349,586
349,196
349,583
349,864
349,316
349,1138
349,781
349,601
349,546
349,859
349,458
349,1122
350,502
350,649
350,569
350,617
350,790
350,635
350,378
350,693
350,728
350,892
352,431
353,150
353,1050
353,1052
353,732
353,141
353,445
353,1051
353,274
353,1143
353,406
353,78
354,619
356,193
356,541
358,802
358,446
358,1050
358,625
358,295
358,867
358,467
358,1005
358,1062
358,792
358,526
359,1073
359,660
359,1052
359,930
359,625
361,70
362,649
362,569
362,617
362,313
362,284
362,588
362,603
362,388
363,731
366,450
366,814
366,457
366,129
366,800
366,299
366,325
366,240
366,246
366,994
366,1113
366,981
366,493
366,1126
366,150
366,566
366,260
366,238
366,372
366,795
366,984
366,274
366,813
366,947
366,1007
366,222
366,90
366,385
366,954
367,1046
367,344
367,979
367,295
367,595
367,541
367,186
367,1137
367,406
367,587
368,858
368,990
370,316
371,667
371,370
372,567
372,900
372,80
372,1023
372,757
372,56
372,1005
372,867
372,370
372,280
372,447
372,100
372,238
372,994
372,541
372,564
372,858
372,457
372,661
372,472
372,785
372,342
372,984
372,274
372,566
372,687
372,193
372,1127
372,1085
372,253
372,1062
372,131
373,80
373,814
373,867
373,280
373,136
373,1075
373,348
373,400
373,186
373,274
373,735
373,1089
373,311
373,458
373,385
373,534
373,656
373,1050
373,125
373,771
373,4
373,1012
373,129
373,797
373,69
373,192
373,820
373,744
373,884
373,1046
373,1005
373,283
373,473
373,1106
373,835
373,178
373,684
373,22
373,498
373,550
373,295
373,619
373,484
373,994
373,66
373,54
373,1001
373,1080
373,590
373,1070
373,605
373,661
373,338
373,168
373,813
373,240
373,1090
373,5
373,1122
373,868
373,370
373,1121
373,56
373,406
373,1040
373,883
373,497
373,399
373,1130
373,1113
373,882
373,281
373,652
373,1053
373,316
373,380
373,342
373,196
373,479
373,667
373,488
373,1127
374,322
377,619
377,885
377,396
377,136
378,350
379,757
379,80
379,855
379,814
379,731
379,330
379,689
379,609
379,229
379,327
379,347
379,40
379,660
379,78
379,571
379,46
379,735
379,553
379,892
379,687
379,835
379,645
380,186
380,1128
380,543
380,667
380,1005
380,550
380,295
380,619
380,17
380,307
380,406
380,353
380,1046
380,7
380,373
380,370
380,136
380,447
380,639
380,1042
380,820
380,4
380,969
380,69
380,1113
380,316
380,1138
380,472
380,877
380,684
380,601
380,274
380,240
380,1089
380,625
380,313
380,1106
380,47
380,385
380,690
380,1122
380,1137
380,534
380,587
381,631
381,484
381,555
382,631
382,892
383,119
383,66
385,22
385,66
385,757
385,11
385,295
385,867
385,484
385,457
385,904
385,1057
385,280
385,406
385,498
385,509
385,246
385,635
385,564
385,1136
385,586
385,1141
385,1130
385,1143
385,172
385,1051
385,497
385,342
385,496
385,1017
385,930
385,892
385,625
385,458
385,298
385,1103
385,1127
385,284
385,373
385,688
385,551
385,861
386,92
387,221
387,260
388,725
388,264
388,362
388,569
388,739
388,617
388,313
388,816
388,784
388,33
388,284
388,385
388,182
388,441
388,231
388,603
388,826
388,498
389,764
389,869
389,1106
389,90
389,1013
390,912
391,936
337,900
337,520
337,907
337,36
337,219
337,919
337,867
337,484
337,663
337,932
337,940
337,214
337,979
337,994
337,862
337,635
337,383
337,736
337,538
337,832
337,161
337,260
337,738
337,442
337,553
337,222
337,458
337,835
337,182
337,908
337,689
393,1089
393,559
393,214
393,416
395,956
395,160
395,751
395,125
395,1117
395,370
395,450
395,1044
395,731
395,1048
395,78
395,264
395,226
395,509
395,136
395,971
395,915
395,635
395,777
395,474
395,526
395,726
395,70
395,472
395,372
395,155
395,168
395,984
395,283
395,628
395,222
395,1026
395,721
395,713
395,688
395,551
395,1023
396,446
396,125
396,377
396,635
396,785
396,59
396,1062
396,885
396,240
397,73
397,625
397,246
397,996
397,385
397,892
397,551
399,1089
399,892
399,583
399,498
399,1143
399,150
399,667
399,816
399,136
399,373
399,785
399,406
399,302
399,67
399,797
399,981
399,168
400,115
400,197
400,1013
401,900
401,709
401,896
401,875
401,316
401,436
401,619
401,618
401,265
401,955
401,439
381,631
381,484
381,555
382,631
382,892
405,727
405,978
406,655
406,22
406,160
406,869
406,539
406,498
406,1128
406,64
406,316
406,1117
406,380
406,550
406,4
406,867
406,1150
406,370
406,302
406,904
406,664
406,1065
406,447
406,1050
406,158
406,594
406,863
406,569
406,7
406,143
406,367
406,1052
406,816
406,136
406,699
406,635
406,822
406,311
406,1141
406,399
406,969
406,787
406,1130
406,78
406,1046
406,1143
406,150
406,349
406,798
406,660
406,238
406,1138
406,295
406,110
406,1062
406,925
406,877
406,795
406,601
406,274
406,931
406,654
406,1089
406,892
406,353
406,768
406,508
406,823
406,619
406,1082
406,189
406,1144
406,47
406,373
406,1122
406,713
406,1125
406,688
406,1137
406,186
406,388
406,684
407,1089
407,1114
407,979
407,4
407,136
407,1141
407,939
407,176
407,813
407,1065
407,969
409,36
409,436
409,149
409,131
409,925
409,843
409,325
409,767
409,265
409,1080
409,789
409,118
409,858
409,774
409,316
409,252
409,493
409,950
409,553
409,817
409,919
409,841
409,875
409,335
409,793
409,341
409,191
409,551
410,980
410,338
410,867
410,797
410,876
410,308
410,526
410,316
410,795
410,661
410,785
410,684
410,885
410,1089
410,1090
410,1082
410,47
410,652
410,227
411,125
411,896
411,92
411,156
411,389
411,467
412,538
412,161
412,912
412,835
412,663
412,337
415,1085
415,813
416,116
416,610
416,36
416,97
416,814
416,919
416,994
416,576
416,80
416,767
416,214
416,191
416,393
416,370
416,635
416,142
416,894
416,553
416,436
416,372
416,380
416,984
416,209
416,735
416,63
416,667
416,115
416,742
416,875
416,835
416,47
419,776
419,151
420,78
421,258
421,509
421,316
421,181
421,209
422,125
422,471
422,944
422,178
422,1065
424,1119
424,1017
424,260
424,270
424,777
424,541
424,1002
424,142
424,493
424,468
424,157
424,561
424,785
425,867
425,295
425,406
427,135
427,699
427,635
427,264
427,526
430,107
430,317
430,813
430,316
430,1136
431,757
431,80
431,539
431,642
431,731
431,1094
431,119
431,229
431,246
431,590
431,1141
431,195
431,150
431,342
431,738
431,1005
431,892
431,1099
431,385
431,908
431,558
431,757
431,80
431,539
431,642
431,731
431,1094
431,119
431,229
431,246
431,590
431,1141
431,195
431,150
431,342
431,738
431,1005
431,892
431,1099
431,385
431,908
431,558
434,918
434,193
434,947
434,1005
436,125
436,416
436,919
436,619
436,925
436,843
436,439
436,409
436,579
436,191
436,202
436,333
436,370
436,904
436,955
436,894
436,122
436,52
436,896
436,316
436,92
436,1023
436,553
436,892
436,742
436,401
436,875
436,263
436,1085
436,688
436,113
438,47
438,741
438,864
438,605
439,158
439,925
439,875
439,401
439,896
439,316
439,835
439,955
439,436
439,619
439,1085
439,860
439,415
439,263
439,538
442,900
442,260
442,855
442,832
442,161
442,316
442,663
442,412
442,835
442,689
442,90
442,1023
442,932
442,948
442,78
442,337
442,538
442,325
443,1004
443,157
443,472
444,125
444,796
444,769
446,567
446,396
446,338
446,731
446,307
446,1065
446,406
446,816
446,820
446,1113
446,1029
446,196
446,785
446,867
446,532
446,186
446,1005
446,209
446,892
446,536
446,358
446,1013
446,385
446,373
446,467
446,1062
447,410
447,751
447,125
447,980
447,731
447,370
447,925
447,280
447,406
447,238
447,1004
447,852
447,635
447,639
447,526
447,864
447,316
447,472
447,372
447,443
447,867
447,684
447,274
447,470
447,947
447,1090
447,319
447,1013
447,449
447,385
447,380
447,104
447,909
447,156
449,1090
449,579
449,876
449,135
449,1127
449,684
449,447
450,927
450,738
450,125
450,1114
450,295
450,395
450,619
450,457
450,925
450,904
450,636
450,887
450,760
450,547
450,370
450,635
450,1136
450,518
450,1141
450,597
450,583
450,78
450,41
450,1059
450,316
450,795
450,472
450,986
450,566
450,622
450,711
450,47
450,865
450,634
450,713
450,688
450,1041
450,43
451,904
451,688
454,749
454,781
454,484
454,994
454,497
454,795
455,458
455,757
455,342
455,687
457,927
457,410
457,984
457,782
457,295
457,450
457,867
457,925
457,904
457,583
457,800
457,797
457,713
457,206
457,370
457,136
457,731
457,635
457,1059
457,526
457,1141
457,597
457,649
457,41
457,312
457,958
457,316
457,260
457,636
457,372
457,887
457,795
457,986
457,813
457,310
457,1047
457,619
457,171
457,508
457,711
457,611
457,865
457,518
457,688
457,588
457,596
458,757
458,80
458,751
458,610
458,1117
458,11
458,295
458,192
458,867
458,820
458,932
458,649
458,1051
458,280
458,406
458,498
458,1075
458,455
458,661
458,1125
458,100
458,979
458,489
458,994
458,667
458,731
458,915
458,1080
458,386
458,1070
458,868
458,4
458,215
458,1057
458,1126
458,1143
458,1113
458,349
458,765
458,170
458,316
458,342
458,738
458,274
458,229
458,735
458,240
458,337
458,488
458,338
458,1090
458,400
458,907
458,619
458,739
458,1106
458,835
458,385
458,373
458,1122
458,652
458,1137
458,595
460,1013
460,1075
460,767
460,488
460,688
461,813
461,999
463,652
463,238
463,950
466,757
466,465
467,802
467,446
467,1050
467,867
467,625
467,295
467,358
467,1005
467,1062
467,792
467,526
468,400
468,260
468,197
468,1085
468,656
468,424
468,270
468,870
468,767
468,253
468,1002
468,987
468,1017
468,113
468,611
469,295
469,186
470,104
470,814
470,472
470,447
470,1013
471,721
471,69
471,1117
471,827
471,314
471,136
471,294
471,619
471,944
471,1062
472,372
472,751
472,1125
472,370
472,1141
472,295
472,835
472,366
472,395
472,385
472,443
472,713
472,450
472,925
472,688
472,1017
472,565
472,280
472,447
473,687
473,80
473,66
473,1013
473,281
473,867
473,373
473,892
473,291
473,684
473,564
474,160
474,455
474,669
474,246
474,1026
474,136
474,395
474,385
474,635
474,564
474,843
474,551
474,975
474,1141
476,502
476,1143
476,170
476,1051
476,883
476,189
476,1052
476,918
476,892
476,1005
476,1062
476,1041
476,813
476,1071
476,406
477,722
477,538
477,1013
477,662
477,411
477,316
477,429
477,144
477,764
477,670
477,439
478,776
479,567
479,771
479,1005
479,11
479,4
479,1121
479,1082
479,867
479,177
479,1138
479,1065
479,406
479,192
479,802
479,1059
479,307
479,295
479,684
479,274
479,735
479,833
479,892
479,1090
479,625
479,193
479,1106
479,385
479,373
479,1062
479,127
480,22
480,785
480,5
480,863
480,161
480,137
480,1138
480,275
480,790
480,583
480,822
480,370
480,738
480,799
480,1062
480,792
480,189
480,35
480,141
480,231
481,158
481,78
481,386
484,567
484,757
484,160
484,125
484,381
484,868
484,1005
484,1075
484,814
484,867
484,176
484,119
484,883
484,1125
484,936
484,370
484,243
484,635
484,799
484,497
484,1073
484,1030
484,526
484,454
484,1143
484,1113
484,652
484,795
484,638
484,986
484,274
484,735
484,1071
484,667
484,546
484,358
484,961
484,47
484,385
484,1122
484,389
484,1137
484,595
488,900
488,400
488,723
488,222
488,489
488,370
488,338
488,270
488,635
488,656
488,316
488,493
489,66
489,610
489,619
489,843
489,280
489,82
489,333
489,1070
489,955
489,150
489,365
489,661
489,984
489,274
489,553
489,667
489,488
489,286
489,222
489,458
489,144
489,727
489,358
491,1028
493,900
493,984
493,396
493,814
493,270
493,131
493,468
493,280
493,325
493,876
493,982
493,197
493,370
493,564
493,409
493,150
493,781
493,424
493,539
493,612
493,1110
493,488
493,286
493,611
494,370
494,984
496,777
496,1130
496,310
496,172
496,171
496,652
496,35
496,385
496,635
496,518
496,1141
496,688
496,904
496,975
497,567
497,757
497,610
497,338
497,867
497,484
497,17
497,406
497,393
497,150
497,454
497,785
497,1113
497,798
497,316
497,795
497,4
497,342
497,168
497,984
497,667
497,654
497,546
497,371
497,385
497,1122
497,652
498,610
498,1050
498,1128
498,732
498,316
498,1114
498,293
498,4
498,1121
498,731
498,1150
498,804
498,820
498,981
498,441
498,603
498,280
498,406
498,863
498,569
498,816
498,799
498,585
498,150
498,822
498,918
498,892
498,1042
498,526
498,868
498,583
498,78
498,69
498,1119
498,1113
498,170
498,238
498,295
498,164
498,380
498,684
498,135
498,1005
498,141
498,488
498,1126
498,1090
498,5
498,625
498,617
498,388
498,1106
498,56
498,284
498,385
498,373
498,1122
498,275
498,798
498,458
498,274
498,313
498,183
498,534
500,801
500,52
500,333
500,1085
500,777
500,173
502,655
502,649
502,476
502,67
502,1051
502,795
502,925
502,274
502,1062
502,970
502,654
503,125
503,193
503,551
503,649
503,892
504,120
505,751
505,961
505,135
505,1095
505,233
505,549
505,1053
505,1122
505,965
505,526
505,438
505,406
508,927
508,260
508,865
508,795
508,1141
446,567
446,396
446,338
446,731
446,307
446,1065
446,406
446,816
446,820
446,1113
446,1029
446,196
446,785
446,867
446,532
446,186
446,1005
446,209
446,892
446,536
446,358
446,1013
446,385
446,373
446,467
446,1062
512,883
512,361
512,70
512,1053
512,58
513,928
513,125
513,204
513,814
513,646
513,966
513,735
514,107
514,635
514,1136
514,736
517,256
517,580
517,707
518,927
518,986
518,1126
518,172
518,1059
518,622
518,688
518,711
518,295
518,450
518,636
518,635
518,795
518,925
518,312
518,904
518,142
518,1141
518,496
520,158
520,616
520,855
520,839
520,191
520,896
520,316
520,219
520,47
520,635
520,330
520,383
520,1017
520,576
520,465
520,337
520,892
520,66
447,410
447,751
447,125
447,980
447,731
447,370
447,925
447,280
447,406
447,238
447,1004
447,852
447,635
447,639
447,526
447,864
447,316
447,472
447,372
447,443
447,867
447,684
447,274
447,470
447,947
447,1090
447,319
447,1013
447,449
447,385
447,380
447,104
447,909
447,156
523,884
524,380
524,1125
525,695
526,498
526,4
526,395
526,867
526,484
526,280
526,406
526,427
526,863
526,961
526,367
526,457
526,971
526,915
526,635
526,822
526,447
526,639
526,78
526,70
526,1113
526,316
526,1138
526,566
526,981
526,546
526,731
526,711
526,47
526,385
526,432
526,798
526,989
526,131
527,757
527,406
528,1041
530,711
530,667
532,1090
532,446
532,82
532,892
532,1005
533,583
533,925
533,70
533,377
533,260
533,361
533,738
533,551
533,78
534,1106
534,69
534,823
534,1035
534,899
534,771
534,295
534,196
534,1082
534,187
534,373
534,847
534,509
534,432
534,274
534,909
534,1065
534,380
535,332
535,817
535,327
535,1119
537,502
537,11
537,936
537,370
537,814
537,372
537,994
538,856
538,919
538,619
538,509
538,843
538,158
538,191
538,370
538,564
538,736
538,477
538,161
538,260
538,924
538,324
538,1045
538,731
538,835
538,412
538,989
539,814
539,598
539,176
539,797
539,406
539,214
539,457
539,915
539,493
539,146
539,526
539,566
539,307
539,372
539,274
539,1013
539,912
539,870
539,908
539,113
539,909
541,372
541,883
541,869
541,78
541,882
541,193
541,299
541,370
541,356
541,253
541,59
541,131
541,612
541,908
541,1053
541,42
542,47
542,1085
542,793
542,142
542,1017
542,113
544,564
544,839
544,369
545,683
545,984
546,751
546,261
546,868
546,358
546,484
546,664
546,406
546,961
546,136
546,1122
546,1073
546,1030
546,526
546,305
546,150
546,316
546,260
546,512
546,684
546,274
546,813
546,488
546,1089
546,1090
546,344
546,1095
546,1106
546,47
546,1137
546,954
547,731
547,575
547,193
547,47
547,619
547,603
550,802
550,864
550,803
550,135
550,367
550,136
550,373
550,804
550,1121
550,186
550,162
550,194
550,406
551,160
551,1091
551,1094
551,751
551,543
551,73
551,738
551,627
551,395
551,669
551,503
551,925
551,309
551,397
551,155
551,377
551,308
551,996
551,366
551,370
551,136
551,207
551,635
551,564
551,409
551,68
551,850
551,316
551,636
551,168
551,968
551,866
551,658
551,654
551,448
551,724
551,892
551,619
551,388
551,1026
551,385
551,908
551,688
551,474
551,533
551,246
553,900
553,125
553,875
553,612
553,416
553,814
553,436
553,619
553,584
553,994
553,925
553,843
553,576
553,280
553,158
553,148
553,214
553,739
553,100
553,191
553,489
553,370
553,797
553,731
553,913
553,383
553,118
553,894
553,831
553,583
553,123
553,832
553,687
553,316
553,92
553,856
553,984
553,950
553,735
553,337
553,379
553,919
553,742
553,1045
553,1013
553,222
553,97
553,1127
554,562
554,78
554,323
554,635
554,217
554,919
554,1080
554,332
555,631
555,381
556,936
557,163
558,115
558,116
558,973
558,739
558,816
558,711
558,316
558,781
558,270
558,342
558,925
558,1104
558,693
558,231
559,127
560,123
560,818
560,316
560,370
560,472
560,870
560,785
560,142
560,1017
560,565
560,102
561,1063
561,123
561,509
561,424
503,125
503,193
503,551
503,649
503,892
564,1094
564,751
564,543
564,782
564,370
564,73
564,338
564,619
564,1048
564,843
564,417
564,242
564,158
564,312
564,155
564,509
564,544
564,265
564,246
564,968
564,1091
564,136
564,855
564,744
564,474
564,369
564,882
564,493
564,261
564,975
564,79
564,538
564,850
564,161
564,945
564,896
564,316
564,1026
564,295
564,372
564,260
564,168
564,738
564,80
564,892
564,687
564,926
564,1045
564,669
564,1088
564,835
564,721
564,253
564,1141
564,688
564,588
564,1041
564,551
564,689
565,560
565,316
565,472
565,777
565,176
565,1017
565,1063
566,316
567,655
567,498
567,1128
567,125
567,370
567,1114
567,1005
567,550
567,4
567,867
567,598
567,740
567,1127
567,925
567,67
567,176
567,664
567,307
567,735
567,406
567,66
567,460
567,509
567,1125
567,1052
567,35
567,150
567,635
567,488
567,484
567,497
567,1050
567,847
567,590
567,69
567,1113
567,1051
567,688
567,1138
567,472
567,110
567,113
567,380
567,342
567,196
567,732
567,274
567,813
567,141
567,667
567,654
567,1089
567,1090
567,353
567,625
567,619
567,1106
567,835
567,385
567,479
567,785
567,908
567,798
567,1137
567,295
567,885
567,954
569,1089
569,362
569,617
569,388
569,816
569,784
569,284
569,47
569,350
569,603
569,313
569,406
570,442
571,379
574,619
575,47
575,731
575,193
575,547
504,120
578,264
580,900
580,517
580,1054
580,707
580,1018
580,256
580,44
580,47
580,934
580,1036
583,1044
583,635
583,136
583,318
584,687
584,583
584,900
584,1075
584,260
584,186
584,553
584,240
585,498
585,127
586,385
587,884
587,869
587,1120
587,1128
587,1126
587,7
587,125
587,367
587,192
587,795
587,589
587,595
587,1138
587,406
587,652
587,1137
587,240
587,892
588,907
588,295
588,370
588,904
588,176
588,797
588,362
588,457
588,136
588,971
588,699
588,635
588,564
588,972
588,259
588,171
588,78
588,41
588,150
588,221
588,124
588,784
588,566
588,1138
588,316
588,785
588,470
588,318
588,598
588,47
588,380
588,688
588,954
589,543
589,136
589,584
589,587
590,567
590,1005
590,1051
590,598
590,17
590,406
590,327
590,399
590,660
590,649
590,78
590,784
590,35
590,342
590,274
590,813
590,231
590,859
590,275
590,47
590,373
590,431
590,799
591,635
592,635
593,135
593,358
593,583
593,1095
593,969
594,869
594,340
595,367
595,587
595,406
596,887
596,942
596,457
596,636
596,635
596,638
596,664
596,87
598,567
598,135
598,1052
598,870
598,406
598,264
598,1125
598,797
598,590
598,583
598,202
598,566
598,307
598,316
598,785
598,539
598,274
598,813
598,836
598,912
598,1122
598,798
600,731
600,847
600,316
600,969
600,66
601,732
601,1150
601,797
601,406
601,863
601,823
601,808
601,635
601,822
601,639
601,605
601,1046
601,349
601,1138
601,512
601,684
601,274
601,947
601,7
601,1106
601,47
603,1128
603,362
603,569
603,619
603,617
603,388
603,816
603,547
603,316
603,284
603,125
603,123
603,777
603,972
603,113
603,813
603,1063
603,498
604,965
605,601
605,295
605,619
605,804
605,969
605,594
605,823
605,1020
605,406
605,438
605,340
605,864
605,583
605,233
605,316
605,1138
605,186
605,1120
605,7
605,1106
605,644
605,373
607,800
609,757
609,66
609,839
609,219
609,379
610,757
610,116
610,751
610,11
610,338
610,416
610,291
610,80
610,280
610,447
610,498
610,66
610,1125
610,489
610,994
610,744
610,497
610,142
610,1040
610,215
610,709
610,781
610,472
610,274
610,836
610,667
610,488
610,115
610,458
610,1127
611,468
611,197
611,509
611,457
611,370
611,596
611,52
611,656
611,561
611,47
611,781
611,1017
611,493
611,263
611,171
611,280
611,752
612,567
612,1106
612,295
612,860
612,984
612,493
614,291
614,383
614,406
615,618
615,789
616,520
616,66
616,839
616,896
616,465
616,836
616,855
617,816
617,1094
617,498
617,569
617,975
617,388
617,377
617,260
617,284
617,635
617,1141
617,350
617,603
617,797
617,1063
618,401
618,615
618,896
618,924
620,612
623,925
625,757
625,1050
625,868
625,1005
625,1051
625,814
625,1052
625,1012
625,1001
625,176
625,17
625,406
625,498
625,66
625,35
625,150
625,1073
625,802
625,397
625,709
625,69
625,1113
625,170
625,316
625,348
625,380
625,342
625,196
625,738
625,274
625,479
625,892
625,1089
625,502
625,47
625,385
625,1122
625,1062
627,73
627,887
627,125
627,171
627,308
627,410
627,136
627,636
627,619
627,635
627,638
627,688
627,904
627,142
627,1124
627,975
627,246
628,907
628,69
628,1090
628,1035
628,962
628,90
628,994
628,120
628,867
628,781
628,925
628,209
628,1073
628,335
630,990
631,381
631,382
631,555
632,562
632,767
632,662
632,65
632,295
632,463
632,337
634,760
634,709
635,869
635,601
635,338
635,814
635,280
635,447
635,808
635,647
635,683
635,639
635,526
635,163
635,266
635,150
635,299
635,372
635,841
635,684
635,186
635,274
635,366
635,667
635,1090
635,984
635,1023
636,974
636,125
636,450
636,1121
636,457
636,904
636,975
636,848
636,887
636,865
636,370
636,136
636,635
636,761
636,171
636,1141
636,583
636,78
636,850
636,1059
636,638
636,738
636,1017
636,596
636,711
636,385
636,518
636,688
637,897
637,635
637,978
637,620
638,1114
638,627
638,619
638,484
638,509
638,925
638,904
638,975
638,848
638,887
638,457
638,136
638,635
638,172
638,312
638,636
638,1005
638,892
638,596
638,713
638,688
638,1041
638,561
639,869
639,984
639,338
639,814
639,280
639,447
639,601
639,808
639,647
639,683
639,635
639,526
639,163
639,266
639,150
639,299
639,372
639,841
639,684
639,186
639,274
639,366
639,667
639,1090
639,1023
641,1089
641,1128
641,193
641,700
641,635
641,558
642,956
642,1094
642,316
642,1091
642,814
642,395
642,635
642,342
642,431
642,926
643,635
643,141
644,1090
644,635
645,125
645,52
645,78
645,379
646,513
646,818
646,123
646,204
646,316
646,324
646,731
646,1023
646,1017
646,113
646,603
646,1086
647,125
651,805
651,936
652,66
652,125
652,67
652,1075
652,295
652,489
652,484
652,463
652,280
652,406
652,158
652,1125
652,906
652,410
652,192
652,635
652,1070
652,1073
652,9
652,1057
652,78
652,1023
652,950
652,667
652,227
652,47
652,373
652,861
655,567
655,1089
655,502
655,195
655,150
655,1052
655,654
655,1005
655,17
655,406
656,47
656,619
656,543
656,260
656,611
657,1073
658,551
658,73
658,316
658,795
658,627
658,457
658,986
658,688
658,904
658,136
659,583
660,757
660,859
660,119
660,636
660,327
660,342
660,590
660,383
660,1033
660,813
662,264
662,265
662,370
662,374
662,556
662,843
662,576
662,813
662,955
663,158
663,78
663,832
663,1013
663,161
663,835
663,412
663,689
663,442
663,800
663,337
664,787
664,155
664,892
664,738
664,150
664,972
664,635
664,714
664,168
664,350
664,728
664,1124
664,693
664,406
664,87
667,115
667,116
667,610
667,562
667,192
667,416
667,136
667,373
667,295
667,168
667,484
667,142
667,399
668,47
668,48
668,316
669,172
669,1026
669,125
669,564
669,474
669,551
669,975
630,990
676,342
676,1026
683,163
683,545
683,647
683,366
683,635
683,639
683,299
684,22
684,1050
684,274
684,4
684,1121
684,867
684,370
684,1130
684,664
684,406
684,498
684,876
684,863
684,7
684,410
684,1020
684,915
684,820
684,980
684,1057
684,78
684,1046
684,1113
684,281
684,1138
684,110
684,380
684,372
684,1005
684,479
684,473
684,892
684,461
684,1089
684,1090
684,1120
684,449
684,1127
684,385
684,373
684,652
684,909
631,381
631,382
631,555
687,900
687,1091
687,583
687,40
687,455
687,1127
687,372
687,584
687,264
687,370
687,379
687,1070
687,1062
687,80
687,553
687,564
688,377
688,73
688,450
688,627
688,395
688,904
688,385
688,996
688,457
688,136
688,635
688,68
688,1136
688,171
688,1141
688,920
688,583
688,41
688,172
688,312
688,636
688,795
688,316
688,638
688,986
688,472
688,658
688,298
688,47
688,865
688,713
688,588
688,640
688,551
688,508
689,757
689,855
689,125
689,814
689,919
689,740
689,663
689,932
689,709
689,370
689,327
689,564
689,163
689,78
689,832
689,161
689,442
689,337
689,379
689,835
689,412
689,47
689,1088
689,330
689,909
689,246
690,1046
690,7
690,765
690,4
690,1138
690,104
632,562
632,767
632,662
632,65
632,295
632,463
632,337
692,213
693,781
693,136
693,635
693,350
693,728
693,664
693,930
693,558
694,576
694,635
695,525
695,623
695,984
695,545
696,635
696,1063
698,958
698,936
698,260
698,985
698,380
698,800
700,870
700,869
700,325
700,1013
703,1122
704,635
704,864
704,78
704,766
705,151
705,776
709,757
709,229
709,66
709,630
709,338
709,196
709,316
709,1052
712,757
712,379
715,270
717,73
722,554
722,411
722,405
722,619
722,984
722,727
724,635
724,551
725,388
725,308
725,709
728,655
728,494
728,1130
728,66
728,1005
728,1051
728,635
728,693
728,925
728,67
728,350
728,892
730,1062
730,316
735,215
735,78
735,70
735,458
735,373
735,1080
735,342
735,1023
735,799
735,553
735,240
735,957
731,757
731,80
731,498
731,771
731,289
731,867
731,1005
731,100
731,35
731,744
731,802
731,891
731,538
731,150
731,281
731,170
731,316
731,342
731,684
731,738
731,274
731,63
731,240
731,379
731,448
731,1090
731,446
731,625
731,1099
731,1106
731,835
731,385
731,373
731,341
731,908
731,798
731,431
731,156
738,900
738,855
738,757
738,1114
738,642
738,338
738,450
738,814
738,925
738,551
738,189
738,66
738,155
738,246
738,377
738,1091
738,207
738,1113
738,635
738,564
738,583
738,850
738,150
738,636
738,316
738,168
738,337
738,892
738,926
738,721
738,482
738,713
738,509
738,533
742,436
742,191
742,316
742,416
742,919
742,777
742,370
742,1017
742,142
742,113
742,553
742,894
744,757
744,80
744,274
744,338
744,731
744,280
744,406
744,709
744,1101
744,564
744,1030
744,726
744,1143
744,1113
744,372
744,342
744,1005
744,1013
744,867
744,373
744,1062
744,358
732,567
732,498
732,4
732,353
732,1065
732,969
732,1050
732,635
732,918
732,406
732,783
732,196
732,69
732,349
732,1138
732,295
732,877
732,348
732,601
732,792
732,931
732,667
732,1089
732,1090
732,1052
732,1106
732,1122
732,684
749,45
749,246
749,1010
749,406
749,454
751,160
751,296
751,125
751,1114
751,980
751,1075
751,395
751,867
751,370
751,176
751,280
751,1024
751,863
751,996
751,192
751,1113
751,347
751,564
751,163
751,1057
751,150
751,170
751,976
751,583
751,877
751,274
751,813
751,472
751,892
751,372
751,619
751,458
751,711
751,432
751,551
751,1142
755,695
757,119
757,660
757,66
757,839
757,816
757,219
757,867
757,609
758,265
758,448
759,995
760,795
760,688
761,843
761,1141
761,688
763,757
763,900
763,566
763,327
763,113
764,776
764,477
764,125
764,812
764,758
764,635
764,1071
765,1089
765,644
765,1128
765,1120
765,601
765,803
765,823
765,458
765,550
765,4
765,1138
765,136
765,862
765,590
765,406
765,1137
765,240
765,787
766,1089
766,869
766,202
766,864
766,635
766,406
767,409
767,323
767,36
767,1013
767,875
767,647
767,812
767,919
767,777
767,99
767,950
767,460
767,800
767,797
768,582
768,816
768,406
768,1128
769,1090
769,125
769,1148
769,1032
769,796
769,444
770,598
770,330
771,295
771,488
772,858
773,372
773,80
773,370
773,1127
774,226
774,191
774,943
774,118
774,341
774,843
774,157
774,409
776,554
776,125
776,298
776,47
776,635
776,764
776,670
776,478
780,867
780,1141
781,900
781,66
781,610
781,920
781,814
781,919
781,370
781,291
781,280
781,214
781,994
781,693
781,1070
781,493
781,142
781,454
781,858
781,215
781,709
781,316
781,92
781,1023
781,209
781,63
781,836
781,628
781,286
781,859
781,1013
781,222
781,611
781,558
783,1126
783,732
783,143
783,136
783,890
783,186
783,787
784,1089
784,863
784,625
784,1113
784,221
784,260
784,380
784,740
784,994
784,1005
784,603
784,193
784,654
784,231
785,869
785,1128
785,261
785,338
785,1044
785,270
785,457
785,302
785,343
785,176
785,800
785,78
785,264
785,760
785,362
785,190
785,962
785,206
785,635
785,370
785,136
785,585
785,699
785,70
785,972
785,1119
785,259
785,726
785,1046
785,41
785,882
785,1029
785,566
785,260
785,316
785,372
785,1062
785,767
785,274
785,1017
785,424
785,833
785,502
785,361
785,780
785,1095
785,410
785,1088
785,1085
785,253
785,305
785,798
785,588
785,727
785,954
787,1089
787,863
787,1128
787,823
787,135
787,765
787,619
787,1138
787,164
787,822
787,931
787,939
787,1137
787,583
787,406
788,158
788,377
788,260
789,615
789,409
789,1031
791,286
791,767
791,984
791,1013
791,265
791,932
791,222
791,15
791,566
791,994
791,120
791,919
791,718
791,738
791,843
791,812
791,955
791,118
792,709
792,993
792,1106
792,512
792,847
792,601
792,1062
793,409
793,542
794,767
795,927
795,869
795,1128
795,907
795,370
795,4
795,450
795,619
795,925
795,904
795,295
795,887
795,310
795,457
795,136
795,635
795,1141
795,597
795,195
795,583
795,1126
795,41
795,688
795,316
795,260
795,92
795,986
795,1041
795,654
795,508
795,1047
795,867
795,193
795,711
795,47
795,865
795,341
795,518
795,389
795,705
795,75
795,250
796,907
796,1148
796,136
796,1032
796,769
796,444
797,240
798,567
798,498
798,135
798,90
798,358
798,598
798,242
798,406
798,1050
798,497
798,526
798,1141
798,583
798,150
798,316
798,983
798,785
798,833
798,288
798,1095
798,1106
798,1062
798,1041
798,861
799,116
799,1050
799,782
799,480
799,358
799,484
799,498
799,485
799,190
799,35
799,347
799,590
799,1073
799,205
799,871
799,78
799,70
799,882
799,170
799,324
799,380
799,735
799,353
799,625
799,275
799,47
799,1062
800,125
800,15
800,450
800,814
800,731
800,218
800,843
800,335
800,1096
800,538
800,158
800,191
800,979
800,366
800,663
800,136
800,635
800,822
800,213
800,1101
800,698
800,171
800,29
800,1141
800,78
800,138
800,161
800,380
800,836
800,607
800,1045
800,1013
800,193
800,222
800,619
800,409
800,341
800,144
801,52
801,333
801,260
801,619
801,1085
801,856
801,728
801,500
801,292
801,173
802,1089
802,22
802,1120
802,625
802,1051
802,868
802,1125
802,1095
802,370
802,867
802,877
802,1052
802,939
802,1137
802,526
802,406
803,605
803,864
803,316
803,56
803,55
803,731
803,601
803,765
803,340
804,1120
804,605
804,962
804,550
804,316
804,1138
804,4
804,890
804,1106
804,1069
804,526
808,869
808,583
808,601
808,610
808,1125
808,1004
808,11
808,635
808,639
808,274
808,406
810,246
810,564
811,289
812,158
812,767
812,739
812,323
812,896
812,791
812,843
812,764
812,837
813,869
813,15
813,295
813,1121
813,867
813,925
813,1130
813,338
813,1024
813,883
813,863
813,69
813,366
813,1001
813,635
813,590
813,196
813,225
813,293
813,1057
813,70
813,1113
813,882
813,281
813,1059
813,316
813,795
813,4
813,841
813,450
813,1005
813,947
813,1030
813,892
813,461
813,1089
813,1090
813,222
813,1013
813,1106
813,385
813,373
813,1122
813,432
813,1041
813,358
813,168
814,553
814,264
814,379
816,757
816,869
816,498
816,1128
816,543
816,125
816,137
816,293
816,295
816,195
816,67
816,291
816,441
816,603
816,280
816,406
816,569
816,1125
816,1001
816,699
816,635
816,777
816,541
816,1042
816,399
816,215
816,233
816,768
816,221
816,864
816,316
816,274
816,1071
816,1089
816,1090
816,446
816,617
816,1037
816,1095
816,1106
816,284
816,47
816,1122
816,861
816,388
817,327
817,332
817,409
817,542
817,535
818,142
818,870
818,560
818,1017
820,1050
820,543
820,771
820,274
820,338
820,90
820,867
820,792
820,1065
820,498
820,863
820,54
820,994
820,822
820,1033
820,1046
820,316
820,1010
820,4
820,380
820,684
820,1005
820,735
820,240
820,892
820,458
820,941
820,373
820,908
821,630
822,22
822,974
822,498
822,135
822,771
822,1051
822,295
822,480
822,583
822,406
822,863
822,1125
822,635
822,787
822,586
822,526
822,399
822,1130
822,349
822,1138
822,601
822,274
822,947
822,1120
822,1106
822,1127
822,432
822,1137
823,498
823,782
823,295
823,1138
823,406
823,1035
823,370
823,787
823,765
823,349
823,605
823,1046
823,641
823,864
823,196
823,1137
823,512
823,1060
823,684
823,601
823,859
823,64
823,534
821,630
826,182
826,231
826,388
827,583
827,707
827,1153
827,471
827,294
827,944
827,83
827,1068
831,1090
831,855
831,120
831,731
831,168
831,383
831,553
832,161
832,663
832,919
832,835
832,689
832,63
832,337
833,757
833,709
833,798
833,867
833,785
833,342
833,1005
833,1062
833,479
833,735
833,892
833,66
834,900
834,160
834,122
834,52
834,1085
834,173
835,567
835,1001
835,66
835,875
835,1075
835,416
835,814
835,731
835,812
835,855
835,689
835,925
835,932
835,280
835,439
835,158
835,800
835,24
835,1125
835,100
835,979
835,366
835,994
835,120
835,1080
835,564
835,78
835,163
835,891
835,538
835,832
835,161
835,209
835,204
835,661
835,781
835,316
835,1062
835,663
835,342
835,984
835,442
835,735
835,472
835,337
835,379
835,214
835,400
835,1013
835,458
835,222
835,1088
835,412
835,1070
835,373
835,652
835,647
835,909
835,534
836,66
836,610
836,1013
836,782
836,370
836,120
836,291
836,598
836,76
836,781
836,46
836,1049
836,709
837,158
837,662
837,147
837,812
837,330
837,156
837,1038
837,918
831,1090
831,855
831,120
831,731
831,168
831,383
831,553
839,757
839,66
839,1126
839,161
839,1103
839,219
839,316
839,843
839,209
839,609
839,813
841,65
841,767
841,984
841,1013
841,265
841,15
841,316
841,994
841,335
841,1085
841,635
841,341
841,752
841,639
841,950
841,813
841,409
841,299
841,24
843,900
843,662
843,612
843,919
843,800
843,280
843,158
843,767
843,191
843,333
843,489
843,370
843,194
843,125
843,564
843,142
843,409
843,474
843,553
843,79
843,538
843,839
843,882
843,976
843,372
843,99
843,638
843,1023
843,950
843,812
843,8
843,436
843,1045
843,222
843,193
843,711
843,341
843,265
844,135
844,388
844,124
846,847
846,41
847,1071
847,78
847,70
847,246
847,1141
847,316
847,1121
847,338
847,127
847,600
847,274
847,926
847,406
848,887
848,1136
848,636
848,457
848,47
848,619
848,635
848,638
848,904
848,171
848,935
849,111
849,14
849,147
852,396
852,316
853,952
855,757
855,520
855,66
855,731
855,330
855,689
855,379
855,982
855,1091
855,564
855,383
855,831
855,163
855,906
855,709
855,839
855,161
855,170
855,380
855,168
855,738
855,442
855,465
855,896
855,337
855,892
855,1090
855,616
855,1125
855,835
855,941
855,1088
855,909
855,246
856,160
856,619
856,173
856,538
856,122
856,333
856,620
856,370
856,635
856,894
856,858
856,123
856,990
856,52
856,316
856,260
856,1023
856,612
856,553
856,801
856,1045
856,875
856,1085
856,292
858,106
858,1023
858,782
858,856
858,919
858,619
858,772
858,797
858,214
858,37
858,333
858,370
858,1065
858,125
858,1038
858,409
858,365
858,781
858,92
858,984
858,950
858,735
858,836
858,286
858,1101
858,1013
858,97
858,47
858,341
858,113
859,660
859,823
859,349
859,313
859,370
859,781
859,327
859,92
859,590
859,342
859,1042
859,231
860,1090
860,896
860,1127
860,47
860,168
860,925
860,439
861,816
861,798
861,1121
861,47
861,925
861,688
861,406
863,22
863,974
863,498
863,135
863,771
863,1051
863,295
863,480
863,583
863,406
863,1125
863,635
863,822
863,787
863,586
863,526
863,399
863,1130
863,349
863,1138
863,601
863,274
863,947
863,1120
863,1106
863,1127
863,432
863,1137
864,605
864,823
864,550
864,316
864,803
864,635
864,370
864,438
864,406
864,766
865,927
865,172
865,508
865,206
865,636
865,450
865,136
865,795
865,1136
865,904
865,1041
865,1141
866,551
866,1059
867,410
867,751
867,135
867,280
867,594
867,24
867,994
867,136
867,699
867,1042
867,163
867,649
867,639
867,1143
867,307
867,785
867,274
867,1089
867,1052
867,458
867,1013
867,711
867,385
867,954
867,567
867,927
867,1050
867,296
867,125
867,771
867,4
867,797
867,816
867,192
867,820
867,744
867,255
867,225
867,1005
867,472
867,833
867,628
867,372
867,54
867,1095
867,1106
867,373
867,908
867,688
867,780
867,595
867,684
867,22
867,160
867,498
867,980
867,348
867,295
867,619
867,484
867,925
867,447
867,66
867,876
867,425
867,915
867,1001
867,35
867,150
867,661
867,795
867,338
867,813
867,141
867,892
867,1090
867,446
867,1120
867,344
867,625
867,64
867,1122
867,467
867,473
867,909
867,117
867,757
867,370
867,1051
867,395
867,731
867,406
867,863
867,1125
867,457
867,1025
867,635
867,783
867,497
867,526
867,399
867,802
867,1113
867,281
867,316
867,110
867,380
867,342
867,196
867,479
867,859
867,358
868,802
868,1089
868,502
868,546
868,1050
868,625
868,458
868,526
868,1052
868,1106
868,1127
868,4
868,744
868,373
868,342
868,1005
868,484
868,240
868,280
868,406
868,498
869,24
869,254
870,560
870,984
870,222
870,191
870,197
870,912
870,566
870,166
870,598
870,539
870,1017
870,468
870,113
870,818
870,797
870,1063
871,813
871,1106
871,432
872,380
872,213
872,871
873,125
873,26
875,900
875,36
875,416
875,814
875,436
875,619
875,576
875,1096
875,439
875,122
875,767
875,24
875,136
875,409
875,896
875,316
875,238
875,264
875,856
875,556
875,553
875,214
875,919
875,401
875,955
876,1090
876,264
876,543
876,449
876,410
876,338
876,867
876,684
876,178
876,493
877,1089
877,1095
877,1057
877,751
877,1125
877,732
877,979
877,1122
877,1075
877,295
877,795
877,136
877,150
877,347
877,931
877,1005
877,1070
877,316
877,280
877,406
878,237
878,229
879,664
882,1089
882,1090
882,883
882,1057
882,193
882,920
882,1106
882,338
882,311
882,373
882,541
882,274
882,240
882,1065
882,406
882,652
883,1089
883,1090
883,1057
883,882
883,193
883,920
883,1106
883,338
883,311
883,373
883,541
883,274
883,240
883,1065
883,406
883,652
884,129
884,240
884,192
884,497
885,804
887,927
887,450
887,619
887,925
887,904
887,260
887,457
887,136
887,635
887,171
887,1141
887,597
887,41
887,636
887,795
887,316
887,638
887,986
887,508
887,711
887,385
887,713
887,1121
887,688
887,596
832,161
832,663
832,919
832,835
832,689
832,63
832,337
890,804
890,623
891,709
891,832
891,1091
891,136
891,835
891,814
892,907
892,1094
892,751
892,135
892,73
892,642
892,867
892,302
892,350
892,397
892,1024
892,246
892,370
892,136
892,699
892,564
892,586
892,649
892,538
892,1143
892,784
892,348
892,785
892,274
892,654
892,1013
892,711
892,385
892,984
892,1041
892,520
892,66
892,261
892,11
892,338
892,587
892,996
892,820
892,590
892,1136
892,204
892,636
892,1005
892,473
892,628
892,502
892,1095
892,1106
892,482
892,688
892,551
892,684
892,22
892,295
892,436
892,1052
892,155
892,54
892,535
892,1091
892,35
892,503
892,142
892,386
892,150
892,349
892,316
892,260
892,638
892,738
892,813
892,625
892,388
892,1099
892,47
892,432
892,431
892,757
892,705
892,1121
892,395
892,731
892,583
892,189
892,664
892,406
892,212
892,579
892,229
892,1125
892,1088
892,635
892,474
892,399
892,968
892,372
892,1138
892,448
892,1062
893,904
894,436
894,742
894,191
894,416
894,919
894,619
894,856
894,553
894,173
895,46
896,956
896,757
896,520
896,556
896,323
896,436
896,619
896,203
896,576
896,574
896,439
896,158
896,264
896,739
896,191
896,37
896,370
896,855
896,1080
896,616
896,719
896,955
896,618
896,78
896,202
896,200
896,958
896,316
896,260
896,812
896,92
896,342
896,1023
896,817
896,562
896,731
896,401
896,875
896,657
896,144
896,265
896,411
897,26
899,125
899,316
899,370
899,432
899,534
903,845
903,1068
904,927
904,206
904,125
904,1114
904,920
904,295
904,450
904,627
904,436
904,731
904,457
904,925
904,664
904,35
904,975
904,406
904,887
904,760
904,310
904,385
904,996
904,370
904,136
904,635
904,822
904,752
904,713
904,451
904,171
904,1141
904,78
904,850
904,172
904,893
904,688
904,1059
904,636
904,795
904,316
904,41
904,638
904,986
904,885
904,1071
904,658
904,777
904,1047
904,260
904,711
904,47
904,865
904,848
904,92
904,518
904,1121
904,588
904,1041
904,508
904,496
905,1090
906,887
906,855
906,202
906,170
906,958
906,835
906,280
906,941
906,619
906,635
906,203
906,383
906,652
906,342
906,66
908,757
908,1094
908,980
908,647
908,867
908,330
908,509
908,67
908,932
908,35
908,735
908,406
908,962
908,366
908,994
908,280
908,731
908,981
908,386
908,84
908,795
908,342
908,1005
908,813
908,337
908,1013
908,47
908,385
908,1085
908,274
908,551
908,609
909,855
909,36
909,1005
909,187
909,925
909,797
909,447
909,689
909,1088
909,639
909,163
909,1113
909,238
909,472
909,380
909,684
909,539
909,274
909,947
909,867
909,835
909,534
910,372
910,370
913,286
913,1045
913,265
913,994
913,984
913,553
915,526
915,667
916,487
916,731
916,222
916,238
916,78
918,1130
918,839
918,972
918,338
918,370
918,635
918,347
918,274
918,1005
919,554
919,900
919,984
919,858
919,36
919,950
919,15
919,147
919,416
919,436
919,323
919,689
919,843
919,800
919,556
919,1096
919,158
919,119
919,767
919,54
919,191
919,979
919,955
919,994
919,213
919,118
919,409
919,894
919,649
919,538
919,832
919,150
919,791
919,260
919,99
919,781
919,553
919,836
919,337
919,286
919,742
919,1013
919,875
919,29
919,263
919,1085
919,1023
922,213
922,370
923,176
924,635
924,157
925,1130
925,293
925,370
925,1005
925,728
925,813
926,721
926,882
926,295
926,925
927,125
927,450
927,619
927,457
927,925
927,904
927,887
927,370
927,136
927,635
927,171
927,1141
927,597
927,195
927,583
927,1126
927,41
927,958
927,316
927,795
927,252
927,986
927,813
927,5
927,867
927,711
927,47
927,518
927,1041
928,66
928,324
930,543
930,388
930,47
930,385
930,693
930,1033
930,1062
930,406
931,1089
931,502
931,539
931,66
931,732
931,1122
931,338
931,316
931,1150
931,877
931,787
931,302
931,406
932,757
932,1023
932,1075
932,731
932,663
932,280
932,406
932,1050
932,553
932,214
932,979
932,489
932,994
932,667
932,1070
932,832
932,161
932,791
932,372
932,984
932,442
932,63
932,337
932,400
932,1045
932,222
932,458
932,835
932,412
932,908
932,689
933,759
934,517
934,1054
934,260
934,580
934,707
934,1018
934,256
934,44
934,47
934,370
935,638
936,170
937,258
937,936
937,635
937,847
937,316
937,833
938,423
938,125
938,370
939,344
939,543
939,1125
939,1075
939,619
939,1150
939,1137
940,161
941,660
941,855
941,125
941,906
941,170
941,845
941,383
941,66
942,728
942,596
942,664
942,635
942,87
943,157
943,774
945,896
945,564
947,163
947,233
947,863
947,751
947,296
947,206
947,295
947,795
947,366
947,385
947,822
947,253
947,196
947,601
947,274
947,129
947,813
947,240
947,871
949,353
949,912
949,907
950,106
950,984
950,125
950,97
950,919
950,843
950,325
950,767
950,214
950,265
950,906
950,37
950,752
950,365
950,409
950,858
950,1057
950,958
950,896
950,299
950,661
950,99
950,1023
950,553
950,24
950,1013
950,711
950,341
952,17
952,170
952,90
891,709
891,832
891,1091
891,136
891,835
891,814
954,567
954,757
954,869
954,751
954,1128
954,296
954,980
954,302
954,176
954,1005
954,66
954,264
954,300
954,366
954,370
954,136
954,699
954,972
954,305
954,1130
954,150
954,566
954,785
954,98
954,813
954,318
954,1089
954,546
954,908
954,798
954,588
954,274
954,861
955,264
955,973
955,803
957,858
957,215
957,1100
957,344
957,125
957,197
957,316
957,994
957,238
957,758
957,635
957,984
957,493
957,885
957,696
957,240
957,735
957,9
892,907
892,1094
892,751
892,135
892,73
892,642
892,867
892,302
892,350
892,397
892,1024
892,246
892,370
892,136
892,699
892,564
892,586
892,649
892,538
892,1143
892,784
892,348
892,785
892,274
892,654
892,1013
892,711
892,385
892,984
892,1041
892,520
892,66
892,261
892,11
892,338
892,587
892,996
892,820
892,590
892,1136
892,204
892,636
892,1005
892,473
892,628
892,502
892,1095
892,1106
892,482
892,688
892,551
892,684
892,22
892,295
892,436
892,1052
892,155
892,54
892,535
892,1091
892,35
892,503
892,142
892,386
892,150
892,349
892,316
892,260
892,638
892,738
892,813
892,625
892,388
892,1099
892,47
892,432
892,431
892,757
892,705
892,1121
892,395
892,731
892,583
892,189
892,664
892,406
892,212
892,579
892,229
892,1125
892,1088
892,635
892,474
892,399
892,968
892,372
892,1138
892,448
892,1062
961,546
961,344
961,526
961,284
961,358
961,1122
961,484
961,131
961,1030
961,505
962,70
962,560
962,785
962,908
962,628
965,619
965,11
965,505
965,610
965,1125
968,850
968,246
968,996
968,543
968,370
968,564
968,738
968,551
968,892
969,1089
969,150
969,195
969,1050
969,732
969,370
969,593
969,1122
969,1095
969,4
969,1121
969,385
969,1150
969,380
969,892
969,135
969,1005
969,189
969,196
969,406
970,635
970,274
970,649
970,502
970,67
971,288
971,797
971,972
973,115
973,116
973,558
974,635
974,636
974,850
975,1094
975,73
975,627
975,669
975,158
975,136
975,635
975,777
975,474
975,142
975,1124
975,1141
975,564
975,172
975,882
975,1059
975,636
975,260
975,430
975,48
975,1052
975,617
975,284
975,561
976,142
976,308
976,309
976,295
978,47
979,619
980,1090
980,150
980,410
980,316
980,136
980,684
980,209
980,954
981,1128
981,1125
981,912
981,566
981,260
981,366
981,731
981,908
981,509
981,406
981,813
981,526
981,797
981,305
981,399
982,883
982,855
982,1047
982,1125
982,509
982,136
982,385
982,92
982,493
982,1141
983,150
983,798
984,150
984,695
984,722
984,24
984,1084
984,372
984,1101
984,264
984,131
984,1023
984,468
984,735
984,240
984,409
984,173
986,927
986,160
986,206
986,295
986,450
986,619
986,370
986,925
986,904
986,797
986,887
986,457
986,136
986,635
986,1141
986,597
986,583
986,1126
986,41
986,1059
986,316
986,795
986,817
986,193
986,711
986,518
986,688
986,1041
987,1017
987,270
987,468
990,619
990,767
990,856
990,630
994,900
994,757
994,202
994,1001
994,80
994,984
994,543
994,735
994,316
994,11
994,416
994,814
994,919
994,291
994,370
994,350
994,932
994,489
994,556
994,280
994,66
994,155
994,760
994,214
994,411
994,813
994,366
994,820
994,667
994,758
994,635
994,913
994,858
994,1059
994,713
994,781
994,454
994,614
994,1089
994,215
994,383
994,457
994,150
994,1075
994,652
994,784
994,260
994,299
994,372
994,841
994,579
994,168
994,1023
994,274
994,696
994,553
994,240
994,337
994,286
994,731
994,400
994,1045
994,619
994,458
994,537
994,1013
994,957
994,835
994,335
994,1070
994,373
994,908
994,688
994,534
995,759
996,968
996,172
996,312
996,246
996,636
996,370
996,295
996,635
996,39
996,904
996,38
996,551
996,892
1000,635
1000,1068
1000,903
1001,567
1001,900
1001,66
1001,4
1001,867
1001,295
1001,291
1001,813
1001,406
1001,751
1001,816
1001,994
1001,136
1001,1073
1001,225
1001,1143
1001,281
1001,324
1001,110
1001,684
1001,1005
1001,735
1001,892
1001,338
1001,1090
1001,835
1001,385
1001,373
1001,1122
1001,652
1002,468
1002,270
1002,78
1002,424
1004,1090
1004,808
1004,307
1004,472
1004,443
1004,447
1005,567
1005,757
1005,1001
1005,498
1005,1128
1005,535
1005,135
1005,125
1005,434
1005,293
1005,1075
1005,4
1005,90
1005,814
1005,1044
1005,867
1005,484
1005,370
1005,925
1005,67
1005,1057
1005,17
1005,242
1005,969
1005,1050
1005,1101
1005,583
1005,264
1005,1125
1005,1114
1005,35
1005,731
1005,1113
1005,635
1005,91
1005,918
1005,406
1005,1033
1005,1073
1005,196
1005,868
1005,380
1005,42
1005,785
1005,1130
1005,69
1005,1143
1005,150
1005,281
1005,136
1005,1053
1005,1138
1005,338
1005,110
1005,431
1005,512
1005,877
1005,342
1005,684
1005,539
1005,274
1005,728
1005,479
1005,813
1005,240
1005,892
1005,1089
1005,372
1005,307
1005,446
1005,625
1005,193
1005,619
1005,385
1005,373
1005,1122
1005,744
1005,1062
1005,954
1007,366
1005,567
1005,757
1005,1001
1005,498
1005,1128
1005,535
1005,135
1005,125
1005,434
1005,293
1005,1075
1005,4
1005,90
1005,814
1005,1044
1005,867
1005,484
1005,370
1005,925
1005,67
1005,1057
1005,17
1005,242
1005,969
1005,1050
1005,1101
1005,583
1005,264
1005,1125
1005,1114
1005,35
1005,731
1005,1113
1005,635
1005,91
1005,918
1005,406
1005,1033
1005,1073
1005,196
1005,868
1005,380
1005,42
1005,785
1005,1130
1005,69
1005,1143
1005,150
1005,281
1005,136
1005,1053
1005,1138
1005,338
1005,110
1005,431
1005,512
1005,877
1005,342
1005,684
1005,539
1005,274
1005,728
1005,479
1005,813
1005,240
1005,892
1005,1089
1005,372
1005,307
1005,446
1005,625
1005,193
1005,619
1005,385
1005,373
1005,1122
1005,744
1005,1062
1005,954
1010,619
1010,344
1011,370
1012,1035
1012,972
1012,625
1013,411
1013,125
1013,718
1013,201
1013,800
1013,325
1013,982
1013,265
1013,197
1013,994
1013,493
1013,858
1013,477
1013,150
1013,791
1013,657
1013,663
1013,984
1013,950
1013,209
1013,553
1013,400
1013,908
1013,144
1013,587
1014,370
1014,316
1014,136
1015,141
1017,160
1017,560
1017,66
1017,818
1017,90
1017,987
1017,646
1017,270
1017,870
1017,520
1017,509
1017,468
1017,565
1017,280
1017,158
1017,542
1017,1125
1017,191
1017,197
1017,370
1017,635
1017,1108
1017,142
1017,1141
1017,172
1017,312
1017,636
1017,260
1017,472
1017,785
1017,316
1017,424
1017,984
1017,742
1017,611
1017,47
1017,385
1017,1085
1017,1062
1017,113
1017,637
1018,517
1018,580
1018,707
1018,1054
1018,256
1018,44
1018,934
1018,616
1018,653
1019,283
1019,751
1020,136
1023,900
1023,856
1023,97
1023,90
1023,919
1023,1101
1023,370
1023,350
1023,843
1023,280
1023,767
1023,24
1023,106
1023,333
1023,994
1023,1096
1023,858
1023,52
1023,78
1023,150
1023,365
1023,200
1023,896
1023,316
1023,372
1023,264
1023,168
1023,984
1023,950
1023,442
1023,735
1023,63
1023,214
1023,286
1023,395
1023,619
1023,1139
1023,711
1023,37
1023,385
1023,92
1024,813
1024,892
1024,751
1024,628
1024,472
1025,867
1025,684
1026,721
1026,395
1026,125
1026,1048
1026,669
1027,1125
1029,785
1029,1046
1030,546
1030,961
1030,358
1030,1122
1030,484
1030,744
1030,813
1031,554
1031,789
1032,905
1032,796
1032,769
1033,660
1033,63
1033,709
1033,125
1033,260
1033,353
1033,820
1033,782
1033,1005
1033,1062
1033,146
1033,926
1033,1034
1033,930
1035,628
1035,823
1036,635
1037,816
1037,543
1037,316
1037,472
1038,439
1038,263
1038,173
1038,885
1040,264
1040,610
1040,1125
1040,1064
1040,295
1040,373
1040,274
1040,209
1040,667
1041,927
1041,160
1041,296
1041,316
1041,258
1041,450
1041,192
1041,1052
1041,93
1041,330
1041,1091
1041,925
1041,904
1041,129
1041,813
1041,659
1041,47
1041,385
1041,246
1041,206
1041,635
1041,1088
1041,528
1041,564
1041,884
1041,583
1041,78
1041,70
1041,476
1041,688
1041,1059
1041,661
1041,795
1041,636
1041,785
1041,638
1041,986
1041,274
1041,283
1041,48
1041,892
1041,711
1041,757
1041,865
1041,798
1041,1062
1042,1050
1042,293
1042,550
1042,338
1042,1121
1042,1052
1042,656
1042,1065
1042,498
1042,816
1042,316
1042,196
1042,684
1042,274
1042,859
1042,867
1042,1106
1042,865
1043,372
1043,370
1043,80
1043,280
1043,1127
1044,751
1044,1128
1044,782
1044,395
1044,787
1044,883
1044,457
1044,136
1044,635
1044,406
1044,195
1044,583
1044,316
1044,372
1044,1062
1044,785
1044,1005
1044,885
1044,813
1044,654
1044,1089
1044,1106
1044,1137
1044,1142
1045,125
1045,416
1045,843
1045,932
1045,576
1045,800
1045,242
1045,158
1045,122
1045,214
1045,739
1045,410
1045,994
1045,136
1045,913
1045,564
1045,538
1045,161
1045,553
1045,1085
1046,1090
1046,823
1046,125
1046,370
1046,308
1046,543
1046,316
1046,1138
1046,1106
1046,731
1046,1055
1046,406
1046,601
1046,104
1046,732
1046,447
1047,760
1047,310
1047,982
1047,457
1047,619
1047,795
1047,904
1048,395
1048,125
1048,1026
1048,721
1048,564
1050,907
1050,498
1050,900
1050,868
1050,274
1050,1051
1050,295
1050,353
1050,1052
1050,939
1050,932
1050,1130
1050,189
1050,969
1050,20
1050,547
1050,699
1050,406
1050,1042
1050,526
1050,802
1050,649
1050,69
1050,1143
1050,150
1050,652
1050,316
1050,196
1050,338
1050,785
1050,867
1050,684
1050,1005
1050,283
1050,63
1050,667
1050,628
1050,1089
1050,1090
1050,502
1050,625
1050,1106
1050,385
1050,373
1050,91
1050,467
1050,798
1050,1062
1050,358
1050,799
1051,802
1051,567
1051,502
1051,385
1051,353
1051,1143
1051,476
1051,141
1051,1005
1051,1052
1051,699
1051,867
1051,590
1051,274
1051,458
1052,614
1052,567
1052,785
1052,709
1052,625
1052,732
1052,125
1052,353
1052,1051
1052,316
1052,135
1052,1122
1052,1041
1052,359
1052,930
1052,406
1053,1130
1053,69
1053,54
1053,143
1053,193
1053,274
1053,56
1053,373
1053,541
1053,260
1053,1005
1053,861
1053,406
1054,517
1054,580
1054,707
1054,1018
1054,256
1054,44
1054,47
1054,934
1057,1089
1057,883
1057,367
1057,781
1057,751
1057,882
1057,906
1057,963
1057,1075
1057,347
1057,260
1057,814
1057,385
1057,950
1057,877
1057,684
1057,652
1057,1073
1057,813
1057,280
1059,927
1059,450
1059,619
1059,994
1059,479
1059,904
1059,583
1059,975
1059,760
1059,713
1059,866
1059,206
1059,457
1059,136
1059,915
1059,635
1059,142
1059,78
1059,1126
1059,636
1059,316
1059,164
1059,986
1059,885
1059,654
1059,1047
1059,731
1059,711
1059,47
1059,518
1059,1141
1059,688
1059,1041
1059,43
1062,757
1062,160
1062,723
1062,125
1062,261
1062,396
1062,11
1062,338
1062,480
1062,1044
1062,1101
1062,833
1062,1113
1062,177
1062,176
1062,1051
1062,1005
1062,790
1062,264
1062,370
1062,136
1062,744
1062,730
1062,590
1062,1033
1062,171
1062,163
1062,1143
1062,150
1062,471
1062,260
1062,472
1062,785
1062,539
1062,274
1062,1017
1062,324
1062,930
1062,488
1062,1089
1062,1052
1062,193
1062,1127
1062,721
1062,798
1062,295
1063,115
1063,116
1063,617
1063,260
1063,696
1063,619
1063,635
1063,509
1063,777
1063,142
1063,565
1063,259
1063,603
1063,561
1064,884
1064,296
1064,206
1064,192
1064,295
1064,385
1064,127
1064,209
1064,129
1064,1040
1065,732
1065,4
1065,1121
1065,353
1065,275
1065,406
1065,883
1065,143
1065,882
1065,422
1065,316
1065,196
1065,295
1065,274
1065,479
1065,1009
1065,1089
1065,1090
1065,1106
1065,407
1065,385
1065,432
1065,1062
1065,534
1068,579
1068,707
1068,827
1068,1000
1068,944
1068,903
1069,804
1069,605
1069,340
1070,1089
1070,687
1070,193
1070,1075
1070,489
1070,781
1070,667
1070,47
1070,835
1070,373
1070,994
1070,316
1070,652
1070,932
1070,1073
1070,735
1070,280
1070,257
1071,47
1071,619
1071,925
1073,446
1073,625
1073,1138
1073,353
1073,1005
1075,907
1075,751
1075,22
1075,814
1075,584
1075,484
1075,835
1075,939
1075,583
1075,280
1075,406
1075,460
1075,192
1075,994
1075,347
1075,1070
1075,1057
1075,316
1075,877
1075,240
1075,400
1075,1127
1075,373
1075,652
1076,333
1076,263
1077,979
1077,1091
1080,554
1080,897
1080,78
1080,125
1080,370
1080,200
1080,896
1080,260
1080,47
1080,635
1080,213
1068,579
1068,707
1068,827
1068,1000
1068,944
1068,903
1082,410
1082,684
1082,406
1082,526
1082,787
1083,137
1083,104
1083,370
1083,635
1083,59
1083,612
1083,177
1083,406
1084,125
1084,136
1084,58
1084,131
1084,639
1084,1065
1084,42
1085,900
1085,160
1085,834
1085,856
1085,436
1085,619
1085,919
1085,925
1085,173
1085,158
1085,122
1085,24
1085,542
1085,191
1085,333
1085,635
1085,500
1085,263
1085,161
1085,52
1085,299
1085,260
1085,841
1085,1017
1085,801
1085,341
1085,415
1085,292
1086,123
1086,1119
1086,284
1086,646
1086,134
1088,52
1088,168
1088,287
1088,996
1088,509
1088,814
1088,721
1088,785
1088,342
1088,1091
1088,738
1088,1041
1088,843
1088,142
1088,727
1088,892
1088,564
1089,1128
1089,732
1089,295
1089,1121
1089,867
1089,1150
1089,400
1089,519
1089,406
1089,264
1089,569
1089,1125
1089,410
1089,994
1089,136
1089,58
1089,635
1089,969
1089,1073
1089,380
1089,42
1089,766
1089,795
1089,4
1089,372
1089,1062
1089,877
1089,1138
1089,931
1089,813
1089,546
1089,458
1089,54
1089,314
1089,47
1089,1122
1089,1137
1090,22
1090,410
1090,80
1090,498
1090,225
1090,980
1090,338
1090,437
1090,731
1090,860
1090,1001
1090,950
1090,120
1090,1010
1090,1065
1090,406
1090,855
1090,883
1090,308
1090,816
1090,656
1090,797
1090,635
1090,639
1090,1050
1090,526
1090,4
1090,831
1090,1046
1090,150
1090,882
1090,281
1090,316
1090,196
1090,295
1090,110
1090,380
1090,168
1090,984
1090,274
1090,813
1090,1089
1090,372
1090,502
1090,546
1090,344
1090,867
1090,1106
1090,1127
1090,1144
1090,644
1090,385
1090,1122
1090,104
1090,1137
1090,595
1090,684
1091,155
1091,855
1091,1041
1091,636
1091,1088
1091,385
1091,891
1091,168
1091,738
1091,551
1091,142
1091,926
1091,892
1091,564
1093,978
1094,617
1094,246
1094,1141
1094,642
1094,284
1094,47
1094,564
1094,738
1094,431
1094,975
1094,892
1095,498
1095,135
1095,593
1095,1051
1095,358
1095,797
1095,406
1095,579
1095,816
1095,1113
1095,802
1095,583
1095,150
1095,785
1095,274
1095,505
1095,115
1095,1122
1095,798
1095,877
1096,984
1096,1139
1096,875
1096,635
1096,1023
1096,800
1101,858
1101,1023
1101,1143
1101,36
1101,1005
1101,661
1101,744
1101,1113
1101,984
1101,274
1101,1062
1101,800
1103,385
1103,260
1103,625
1106,567
1106,869
1106,1050
1106,1128
1106,183
1106,316
1106,274
1106,751
1106,295
1106,1121
1106,1069
1106,1044
1106,867
1106,804
1106,1088
1106,479
1106,242
1106,1065
1106,406
1106,498
1106,883
1106,24
1106,1035
1106,816
1106,585
1106,488
1106,1042
1106,526
1106,871
1106,864
1106,605
1106,69
1106,1113
1106,882
1106,688
1106,170
1106,661
1106,1138
1106,4
1106,1062
1106,512
1106,380
1106,260
1106,984
1106,612
1106,792
1106,283
1106,814
1106,240
1106,667
1106,892
1106,338
1106,1090
1106,400
1106,1120
1106,731
1106,458
1106,546
1106,619
1106,90
1106,275
1106,373
1106,432
1106,389
1106,1137
1106,104
1106,186
1106,534
1107,1035
1107,1148
1107,979
1107,295
1107,370
1107,796
1107,444
1108,818
1108,316
1108,142
1108,1017
1108,727
1108,947
1073,446
1073,625
1073,1138
1073,353
1073,1005
1110,493
1110,649
1110,984
1088,52
1088,168
1088,287
1088,996
1088,509
1088,814
1088,721
1088,785
1088,342
1088,1091
1088,738
1088,1041
1088,843
1088,142
1088,727
1088,892
1088,564
1113,567
1113,1091
1113,498
1113,135
1113,274
1113,338
1113,1121
1113,867
1113,484
1113,820
1113,67
1113,17
1113,447
1113,751
1113,1101
1113,1125
1113,366
1113,136
1113,915
1113,406
1113,497
1113,526
1113,29
1113,802
1113,195
1113,1143
1113,150
1113,170
1113,784
1113,196
1113,472
1113,1050
1113,380
1113,342
1113,684
1113,539
1113,1005
1113,744
1113,110
1113,502
1113,446
1113,738
1113,625
1113,458
1113,1095
1113,1106
1113,385
1113,1122
1113,688
1113,1062
1113,909
1113,534
1114,760
1114,1050
1114,1059
1114,193
1114,688
1114,711
1114,260
1114,35
1114,395
1114,635
1114,407
1114,638
1114,432
1114,274
1114,904
1114,284
1118,903
1119,22
1119,66
1119,260
1119,284
1119,785
1119,406
1119,142
1119,696
1119,424
1119,861
1119,1086
1120,1128
1120,795
1120,512
1120,684
1120,406
1120,587
1121,1089
1121,907
1121,546
1121,7
1121,550
1121,635
1121,1122
1121,795
1121,684
1121,432
1121,479
1121,813
1121,871
1121,348
1121,892
1121,751
1122,816
1122,598
1122,186
1122,22
1122,732
1122,274
1122,4
1122,1121
1122,867
1122,135
1122,484
1122,1001
1122,225
1122,358
1122,961
1122,406
1122,498
1122,1125
1122,530
1122,410
1122,373
1122,136
1122,731
1122,1113
1122,635
1122,969
1122,972
1122,281
1122,399
1122,1074
1122,583
1122,1090
1122,150
1122,349
1122,221
1122,316
1122,196
1122,338
1122,703
1122,877
1122,684
1122,931
1122,1005
1122,813
1122,505
1122,1030
1122,1089
1122,517
1122,546
1122,859
1122,1052
1122,458
1122,526
1122,625
1122,1095
1122,1106
1122,1150
1122,1144
1122,47
1122,385
1122,380
1122,688
1122,1062
1122,954
1124,583
1124,987
1124,136
1124,635
1124,777
1124,1017
1124,627
1124,975
1125,869
1125,855
1125,610
1125,125
1125,1005
1125,1051
1125,295
1125,524
1125,867
1125,598
1125,1027
1125,1130
1125,603
1125,280
1125,406
1125,1040
1125,158
1125,863
1125,982
1125,816
1125,370
1125,136
1125,744
1125,635
1125,822
1125,68
1125,1136
1125,380
1125,763
1125,1113
1125,688
1125,316
1125,260
1125,472
1125,372
1125,92
1125,135
1125,274
1125,1017
1125,892
1125,1089
1125,222
1125,313
1125,835
1125,284
1125,1122
1125,652
1125,1137
1125,484
1126,986
1126,212
1126,887
1126,310
1126,1059
1126,711
1126,635
1126,186
1126,1073
1128,751
1128,4
1128,1150
1128,587
1128,939
1128,603
1128,787
1128,816
1128,635
1128,91
1128,406
1128,1057
1128,641
1128,221
1128,316
1128,795
1128,566
1128,785
1128,1138
1128,1005
1128,240
1128,981
1128,1089
1128,1120
1128,313
1128,380
1128,1137
1129,711
1130,1050
1130,293
1130,295
1130,598
1130,925
1130,67
1130,406
1130,1125
1130,410
1130,370
1130,136
1130,1113
1130,635
1130,918
1130,765
1130,195
1130,69
1130,1143
1130,150
1130,316
1130,110
1130,434
1130,684
1130,1005
1130,728
1130,813
1130,654
1130,1095
1130,1144
1130,385
1130,373
1130,91
1130,274
1131,132
1131,295
1131,78
1131,652
1133,147
1133,984
1136,450
1136,892
1136,514
1136,1125
1136,107
1136,370
1136,711
1136,566
1136,430
1136,316
1136,372
1136,385
1136,317
1136,131
1136,925
1136,795
1136,813
1136,865
1136,1141
1137,567
1137,367
1137,1128
1137,980
1137,1121
1137,1044
1137,484
1137,587
1137,939
1137,136
1137,787
1137,863
1137,823
1137,377
1137,35
1137,822
1137,406
1137,765
1137,660
1137,649
1137,864
1137,316
1137,795
1137,380
1137,1060
1137,1138
1137,186
1137,1089
1137,1090
1137,546
1137,1120
1137,1144
1137,410
1137,595
1138,907
1138,751
1138,1128
1138,732
1138,1117
1138,1005
1138,550
1138,4
1138,480
1138,619
1138,1150
1138,804
1138,84
1138,939
1138,1065
1138,406
1138,264
1138,863
1138,7
1138,308
1138,797
1138,731
1138,135
1138,822
1138,787
1138,864
1138,1073
1138,526
1138,1133
1138,583
1138,605
1138,349
1138,233
1138,110
1138,588
1138,512
1138,380
1138,684
1138,601
1138,274
1138,479
1138,813
1138,1089
1138,164
1138,1095
1138,1106
1138,1127
1138,1144
1138,385
1138,1137
1138,595
1138,587
1139,767
1139,984
1139,662
1139,814
1139,36
1139,341
1139,1023
1139,885
1139,1096
1141,927
1141,1094
1141,125
1141,450
1141,882
1141,370
1141,925
1141,904
1141,583
1141,35
1141,975
1141,406
1141,798
1141,887
1141,509
1141,385
1141,457
1141,136
1141,635
1141,474
1141,1136
1141,142
1141,761
1141,171
1141,564
1141,597
1141,800
1141,41
1141,312
1141,1059
1141,636
1141,795
1141,316
1141,252
1141,986
1141,1017
1141,619
1141,617
1141,508
1141,982
1141,711
1141,284
1141,47
1141,865
1141,713
1141,688
1141,431
1141,518
1141,780
1142,1044
1142,847
1142,751
1142,302
1143,1050
1143,135
1143,274
1143,1101
1143,598
1143,484
1143,1113
1143,189
1143,406
1143,476
1143,1001
1143,744
1143,1073
1143,399
1143,1130
1143,150
1143,316
1143,196
1143,324
1143,785
1143,1005
1143,353
1143,458
1143,385
1143,1062
1144,883
1144,1130
1145,406
1146,726
1148,796
1148,769
1150,406
1152,238
1152,56
